id,well_name,length,depth,porosity,perm_kair,grain_density,resistivity,core_id,core_no
1548,BEGUMGANJ # 3,7.0,2890.9,15.42957,84.5044997,3.420269,60.751,141,1
1549,BEGUMGANJ # 3,7.0,2891.1,16.64307,180.063493,3.753415,93.499,141,1
1550,BEGUMGANJ # 3,7.0,2891.9,17.0801,207.850654,3.814757,27.655,141,1
1551,BEGUMGANJ # 3,7.0,2892.1,14.9588,30.7354826,2.691252,114.348,141,1
1552,BEGUMGANJ # 3,7.0,2892.1,17.08171,45.9657075,3.002314,109.442,141,1
1553,BEGUMGANJ # 3,7.0,2892.2,13.81136,32.9410681,2.330784,19.815,141,1
1554,BEGUMGANJ # 3,7.0,2893.1,15.47164,93.5512939,3.171679,14.045,141,1
1555,BEGUMGANJ # 3,7.0,2894.9,16.55014,64.1801579,3.68911,85.451,141,1
1556,BEGUMGANJ # 3,7.0,2895.1,14.4171,49.5237319,3.228874,0.0,141,1
1557,BEGUMGANJ # 3,7.0,2895.6,9.558554,12.8553364,1.676116,18.009,141,1
1558,BEGUMGANJ # 3,7.0,2896.5,12.95752,34.9082999,2.704515,34.681,141,1
1559,BEGUMGANJ # 3,7.0,2896.8,12.42969,32.1326722,2.505502,66.8,141,1
1560,BEGUMGANJ # 3,7.0,2896.9,13.07684,28.5793445,2.04236,0.0,141,1
1561,BEGUMGANJ # 3,9.0,3180.5,2.4205065,0.0819723,2.576244586,81.812,142,2
1562,BEGUMGANJ # 3,9.0,3182.2,2.6221355,0.2145238,2.504527093,37.778,142,2
1563,BEGUMGANJ # 3,9.0,3182.5,4.0900662,0.1618133,2.587350413,18.883,142,2
1564,BEGUMGANJ # 3,9.0,3184.1,6.7900489,0.1898968,2.457773388,20.609,142,2
1565,BEGUMGANJ # 3,9.0,3184.5,8.0472086,0.2633945,2.490780726,19.723,142,2
1566,BEGUMGANJ # 3,9.0,3184.9,11.445657,15.974445,2.489464474,25.402,142,2
1567,BEGUMGANJ # 3,9.0,3185.1,11.126197,15.038183,2.450837155,23.459,142,2
1568,BEGUMGANJ # 3,9.0,3185.2,4.9010977,0.5419783,2.535012561,37.518,142,2
1628,SEMUTANG # 6,9.0,2918.7,12.17162,2.068091,2.466626,18.172,165,1
1629,SEMUTANG # 6,9.0,2919.7,11.8487,4.233472,2.438027,13.74,165,1
1630,SEMUTANG # 6,9.0,2919.8,11.68424,3.761879,2.465141,17.25,165,1
1631,SEMUTANG # 6,9.0,2919.9,12.00219,1.973399,2.526445,62.037,165,1
1632,SEMUTANG # 6,9.0,2920.0,12.10445,3.250299,2.496091,19.262,165,1
1633,SEMUTANG # 6,9.0,2920.3,5.966717,0.061843,2.558049,51.656,165,1
1634,SEMUTANG # 6,9.0,2920.7,11.78527,1.542327,2.510185,0.0,165,1
1635,SEMUTANG # 6,9.0,2920.7,11.86859,2.444805,2.505203,32.658,165,1
1636,SEMUTANG # 6,9.0,2920.7,10.43639,1.242095,2.470712,10.324,165,1
1637,SEMUTANG # 6,9.0,2921.3,11.18751,2.435678,2.476493,13.224,165,1
1638,SEMUTANG # 6,9.0,2921.7,11.54764,2.906377,2.505619,13.796,165,1
1639,SEMUTANG # 6,9.0,2921.7,10.36921,0.866273,2.484927,0.0,165,1
1640,SEMUTANG # 6,9.0,2921.7,12.53578,2.451278,2.528493,18.075,165,1
1641,SEMUTANG # 6,9.0,2922.3,12.4858,2.73026,2.614168,16.393,165,1
1642,SEMUTANG # 6,9.0,2922.3,12.70509,3.569001,2.511273,16.293,165,1
1643,SEMUTANG # 6,9.0,2922.7,11.83402,1.123255,2.472967,14.649,165,1
1644,SEMUTANG # 6,9.0,2922.7,12.01586,3.535018,2.483705,15.583,165,1
1645,SEMUTANG # 6,9.0,2922.8,12.07387,4.178291,2.478746,0.0,165,1
1646,SEMUTANG # 6,9.0,2923.7,11.14386,1.829372,2.504544,13.531,165,1
1647,SEMUTANG # 6,9.0,2923.7,11.77787,2.966619,2.47644,12.999,165,1
1648,SEMUTANG # 6,9.0,2924.3,12.09211,1.291918,2.522211,16.774,165,1
1649,SEMUTANG # 6,9.0,2924.3,13.79824,3.011003,2.536628,15.788,165,1
1650,SEMUTANG # 6,9.0,2924.6,12.33339,1.946848,2.513188,14.141,165,1
1651,SEMUTANG # 6,9.0,2924.6,11.54496,1.62499,2.495382,12.602,165,1
1652,SEMUTANG # 6,9.0,2924.7,13.12227,3.873293,2.493011,15.748,165,1
1653,SEMUTANG # 6,9.0,2925.3,14.34504,8.891916,2.502688,10.789,165,1
1654,SEMUTANG # 6,9.0,2925.7,13.24816,4.175157,2.5203,12.023,165,1
1655,SEMUTANG # 6,9.0,2925.7,12.98422,2.886408,2.464988,18.295,165,1
1656,SHAHBAZPUR # 4,9.0,2925.35,-0.790808215,0.008276306,2.569226692,0.0,166,1
1657,SHAHBAZPUR # 4,9.0,2926.4,19.49814451,288.6082463,2.322047053,26.68679419,166,1
1658,SHAHBAZPUR # 4,9.0,2926.9,19.97553764,129.5027449,2.377609654,15.50668375,166,1
1659,SHAHBAZPUR # 4,9.0,2927.0,20.03600371,145.1610414,2.336264553,64.4537826,166,1
1660,SHAHBAZPUR # 4,9.0,2927.45,17.34450561,80.48469377,2.385209161,32.05365849,166,1
1661,SHAHBAZPUR # 4,9.0,2927.5,21.06689281,143.525236,2.395522379,18.53591095,166,1
1662,SHAHBAZPUR # 4,9.0,2927.9,21.05050736,256.8165951,2.370808553,22.66555768,166,1
1663,SHAHBAZPUR # 4,9.0,2928.0,19.62283047,132.459289,2.332483769,50.01845997,166,1
1664,SHAHBAZPUR # 4,9.0,2928.4,20.17795248,134.0446362,2.361636349,19.27533565,166,1
1665,SHAHBAZPUR # 4,9.0,2928.8,18.54963542,139.8944952,2.232922265,7.307046877,166,1
1666,SHAHBAZPUR # 4,9.0,2929.0,18.76715028,137.3651024,2.233897888,19.1085851,166,1
1667,SHAHBAZPUR # 4,9.0,2929.55,20.45444354,186.1241751,2.300591023,10.7059797,166,1
1668,SHAHBAZPUR # 4,9.0,2929.9,19.82661947,184.9880183,2.314236937,20.6974094,166,1
1669,SHAHBAZPUR # 4,9.0,2931.1,18.74046204,124.290185,2.244107102,54.35710371,166,1
1670,SHAHBAZPUR # 4,9.0,2931.4,18.36719146,94.51364796,2.321450243,20.06147733,166,1
1671,SHAHBAZPUR # 4,9.0,2931.9,19.70304044,217.7467631,2.201061965,15.92103338,166,1
1672,SHAHBAZPUR # 4,9.0,2932.0,22.12679514,464.6726754,2.222863786,22.09895684,166,1
1673,SHAHBAZPUR # 4,9.0,2932.3,3.163546057,0.036227948,2.461549257,86.66111155,166,1
1674,SHAHBAZPUR # 4,9.0,2932.6,18.86749037,148.6393086,2.27421429,17.15164061,166,1
1675,SHAHBAZPUR # 4,9.0,2932.85,18.58386168,163.5163632,2.258583417,16.1865143,166,1
1676,SHAHBAZPUR # 4,9.0,2930.0,18.94938271,97.18668655,2.366126568,66.85892462,166,1
1677,SHAHBAZPUR # 4,9.0,2930.4,19.30906592,175.4181737,2.294351825,22.86226074,166,1
1678,SHAHBAZPUR # 4,9.0,2930.75,19.93321941,148.3357162,2.335971885,30.82873486,166,1
1679,SHAHBAZPUR # 4,9.0,2930.9,17.96031503,0.033552171,2.352743924,25.57586893,166,1
1680,SHAHBAZPUR # 4,9.0,3416.77,13.54719365,34.591005,2.483769807,25.07069969,167,2
1681,SHAHBAZPUR # 4,9.0,3416.9,15.92985071,115.2326131,2.413073101,12.17189623,167,2
1682,SHAHBAZPUR # 4,9.0,3417.27,16.22733846,8.68161829,2.496005367,25.19363911,167,2
1683,SHAHBAZPUR # 4,9.0,3423.2,0.0,0.0,0.0,227.810114,167,2
1684,SHAHBAZPUR # 4,9.0,3695.76,10.74944509,11.80870937,2.501153963,16.60911502,168,3
1685,SHAHBAZPUR # 4,9.0,3696.25,10.67564018,12.39600182,2.364082356,12.25504798,168,3
1686,SHAHBAZPUR # 4,9.0,3696.88,11.012903,10.84379473,2.529246552,9.363959982,168,3
1687,SHAHBAZPUR # 4,9.0,3697.0,9.83573612,6.90700908,2.51632235,14.7616709,168,3
1688,SHAHBAZPUR # 4,9.0,3697.5,0.079627457,0.004695878,2.569993684,127.430057,168,3
1689,SHAHBAZPUR # 4,9.0,3697.7,9.899829752,4.257403185,2.500115213,16.45152904,168,3
1690,SHAHBAZPUR # 4,9.0,3697.75,11.58844448,15.64348922,2.548510711,11.61598655,168,3
1691,SHAHBAZPUR # 4,9.0,3698.1,9.767471752,8.121940882,2.507584921,6.244204672,168,3
1692,SHAHBAZPUR # 4,9.0,3698.35,0.0,0.0,0.0,9.81127888,168,3
1693,SHAHBAZPUR # 4,9.0,3698.85,10.33533861,10.72459694,2.508437056,15.28248697,168,3
1694,SHAHBAZPUR # 4,9.0,3699.26,4.236283186,0.313446269,2.483398248,22.0278374,168,3
1695,SHAHBAZPUR # 4,9.0,3701.76,0.247215844,0.011660969,2.540675273,27.07796506,168,3
1696,SHAHBAZPUR # 4,9.0,3703.8,7.214423301,8.197406936,2.515118852,24.37553318,168,3
1697,SHAHBAZPUR # 4,9.0,3703.9,7.546074727,6.736506921,2.536823045,22.31082158,168,3
1698,SHAHBAZPUR # 4,9.0,3704.15,-0.3073886,0.004567255,2.553947588,80.46272975,168,3
1699,SHAHBAZPUR # 4,9.0,3704.76,0.0,0.0,0.0,11.55925743,168,3
1700,SHAHBAZPUR # 4,9.0,3704.8,14.10138721,52.46262409,2.522083451,81.86870961,168,3
1701,SHAHBAZPUR # 4,9.0,3704.85,12.86103368,52.82096382,2.394767294,10.69120036,168,3
1702,SHAHBAZPUR # 4,9.0,3704.86,13.7105644,23.68255816,2.460437603,17.32998705,168,3
1703,SHAHBAZPUR # 4,9.0,3704.88,12.70940395,28.08832645,2.417310808,8.37623782,168,3
1729,SRIKAIL # 3,9.0,3083.2,0.0,73.1866,2.136197,6.526,176,1
1730,SRIKAIL # 3,9.0,3083.2,14.56,104.8084,2.074448,0.0,176,1
1731,SRIKAIL # 3,9.0,3084.5,12.28,36.57655,2.160763,7.162,176,1
1732,SRIKAIL # 3,9.0,3084.6,0.0,0.032365,2.569676,0.0,176,1
1733,SRIKAIL # 3,9.0,3084.8,2.96,0.022668,2.586763,75.817,176,1
1734,SRIKAIL # 3,9.0,3085.2,14.02,69.19897,2.147079,5.735,176,1
1735,SRIKAIL # 3,9.0,3085.5,13.41,59.54919,2.146527,9.065,176,1
1736,SRIKAIL # 3,9.0,3085.8,0.0,72.45564,2.15161,0.0,176,1
1737,SRIKAIL # 3,9.0,3086.2,12.96,61.50151,2.157102,6.913,176,1
1738,SRIKAIL # 3,9.0,3086.8,13.19,54.68915,2.141578,8.204,176,1
1739,SRIKAIL # 3,9.0,3087.2,13.21,41.25652,2.16869,9.358,176,1
1740,SRIKAIL # 3,9.0,3087.5,0.0,38.53367,2.128559,0.0,176,1
1741,SRIKAIL # 3,9.0,3087.8,14.9,126.0421,2.123682,7.489,176,1
1742,SRIKAIL # 3,9.0,3088.2,13.91,120.8475,2.145547,7.918,176,1
1743,SRIKAIL # 3,9.0,3088.5,10.18,57.91913,2.134017,7.66,176,1
1744,SRIKAIL # 3,9.0,3088.8,12.17,42.13557,2.165327,7.617,176,1
1745,SRIKAIL # 3,9.0,3089.2,13.32,45.34902,2.49261,6.063,176,1
1746,SRIKAIL # 3,9.0,3089.5,0.0,30.80489,2.209874,0.0,176,1
1747,SRIKAIL # 3,9.0,3089.8,9.18,4.135647,2.271747,11.869,176,1
1748,SRIKAIL # 3,9.0,3090.8,12.68,59.73008,2.119184,5.255,176,1
1749,SRIKAIL # 3,9.0,3091.2,13.94,45.56475,2.153869,7.783,176,1
1750,SRIKAIL # 3,9.0,3091.5,14.54,46.2431,2.501374,8.075,176,1
1751,SRIKAIL # 3,9.0,3091.8,13.13,32.65224,2.184134,10.698,176,1
1752,SRIKAIL # 3,9.0,3177.5,11.78,2.474182,2.193039,18.833,177,2
1753,SRIKAIL # 3,9.0,3177.8,0.0,34.08462,2.213439,18.582,177,2
1754,SRIKAIL # 3,9.0,3177.8,12.05,0.0,0.0,0.0,177,2
1755,SRIKAIL # 3,9.0,3178.2,0.0,117.0995,2.133162,0.0,177,2
1756,SRIKAIL # 3,9.0,3178.2,18.71,85.91526,2.144294,7.336,177,2
1757,SRIKAIL # 3,9.0,3178.5,10.98,92.69817,2.154285,8.547,177,2
1758,SRIKAIL # 3,9.0,3178.6,0.0,51.31481,2.224978,0.0,177,2
1759,SRIKAIL # 3,9.0,3178.8,0.0,15.31482,2.187233,0.0,177,2
1760,SRIKAIL # 3,9.0,3178.8,13.09,88.22459,2.135202,8.683,177,2
1761,SRIKAIL # 3,9.0,3179.2,10.93,73.57245,2.146925,10.706,177,2
1762,SRIKAIL # 3,9.0,3179.2,13.22,86.71191,2.168452,7.369,177,2
1763,SRIKAIL # 3,9.0,3179.4,11.44,59.32101,2.222368,0.0,177,2
1764,SRIKAIL # 3,9.0,3179.5,10.61,75.59633,2.155191,8.702,177,2
1765,SRIKAIL # 3,9.0,3179.8,3.26,0.031072,2.571425,53.182,177,2
1766,SRIKAIL # 3,9.0,3179.8,3.35,0.020721,2.602757,63.33,177,2
1767,SRIKAIL # 3,9.0,3180.1,0.0,0.026234,2.60439,0.0,177,2
1768,SRIKAIL # 3,9.0,3180.2,11.86,29.11943,2.206232,8.666,177,2
1769,SRIKAIL # 3,9.0,3180.2,0.0,0.019715,2.611197,0.0,177,2
1770,SRIKAIL # 3,9.0,3180.5,0.0,58.5225,2.176887,0.0,177,2
1771,SRIKAIL # 3,9.0,3180.8,11.43,28.15895,2.203884,9.219,177,2
1772,SRIKAIL # 3,9.0,3181.2,10.55,33.39845,2.531078,8.116,177,2
1773,SRIKAIL # 3,9.0,3181.2,0.0,14.03107,2.213051,0.0,177,2
1774,SRIKAIL # 3,9.0,3181.8,13.11,94.00037,2.137427,7.176,177,2
1775,SRIKAIL # 3,9.0,3182.2,12.83,84.29794,2.145388,8.068,177,2
1776,SRIKAIL # 3,9.0,3182.8,12.8,117.1626,2.160077,7.402,177,2
1777,SRIKAIL # 3,9.0,3182.8,0.0,28.5392,2.149607,0.0,177,2
1778,SRIKAIL # 3,9.0,3183.2,14.16,142.3754,2.132177,22.314,177,2
1779,SRIKAIL # 3,9.0,3183.5,0.0,135.6043,2.128058,0.0,177,2
1780,SRIKAIL # 3,9.0,3183.8,12.13,20.87486,2.208647,9.065,177,2
1781,SRIKAIL # 3,9.0,3184.5,11.83,106.5515,2.122103,5.878,177,2
1782,SRIKAIL # 3,9.0,3184.7,14.57,79.06512,2.138887,6.59,177,2
1783,SRIKAIL # 3,9.0,3184.8,13.63,48.02351,2.105038,8.905,177,2
1784,SRIKAIL # 3,9.0,3185.2,12.99,63.50688,2.167678,9.38,177,2
1785,SRIKAIL # 3,9.0,3185.5,13.62,74.31788,2.160572,13.876,177,2
1786,SRIKAIL # 3,9.0,3185.6,0.0,0.546248,2.375958,0.0,177,2
1787,SRIKAIL # 3,9.0,3185.8,0.0,17.84596,2.241927,0.0,177,2
1793,BOGRA # 2,8.5,1600.0,17.89,0.42,2.89,8.28,181,1
1794,BOGRA # 2,8.5,1600.5,22.0,0.98,2.8,5.21,181,1
1795,BOGRA # 2,8.5,1600.8,9.8,0.13,2.71,13.92,181,1
1796,BOGRA # 2,8.5,1602.5,12.75,10.08,2.72,7.25,181,1
1797,BOGRA # 2,8.5,1605.2,10.12,0.1,2.67,8.11,181,1
1798,BOGRA # 2,8.5,1605.3,15.22,8.41,2.66,7.53,181,1
1799,BOGRA # 2,8.5,1606.0,14.32,1.34,2.68,4.66,181,1
1800,BOGRA # 2,8.5,1606.8,12.14,0.18,2.68,5.2,181,1
1801,BOGRA # 2,8.5,1606.9,16.07,0.55,2.69,6.17,181,1
1802,BOGRA # 2,8.5,1607.0,19.96,3.6,2.71,4.74,181,1
1803,BOGRA # 2,8.5,1607.3,22.0,3.47,2.77,4.36,181,1
1804,BOGRA # 2,8.5,1607.5,26.51,123.1,2.67,3.36,181,1
1805,BOGRA # 2,8.5,1608.0,27.23,112.0,2.64,3.87,181,1
1806,BOGRA # 2,8.5,1608.5,11.59,17.0,2.38,4.8,181,1
1807,BOGRA # 2,3.5,1725.3,13.08,4.54,2.69,7.74,182,2
1808,BOGRA # 2,3.5,1726.2,23.51,634.8,2.69,3.79,182,2
1809,BOGRA # 2,3.5,1726.4,21.2,205.3,2.62,2.84,182,2
1810,BOGRA # 2,3.5,1727.3,14.0,40.91,2.76,4.86,182,2
1811,BOGRA # 2,3.5,1727.4,23.14,450.75,2.7,3.76,182,2
1812,BOGRA # 2,3.5,1727.9,23.9,680.0,2.66,3.45,182,2
1813,BOGRA # 2,3.5,1728.8,12.07,0.0,2.67,0.0,182,2
1814,BOGRA # 2,8.4,1764.2,14.28,0.1,2.91,13.35,183,3
1815,BOGRA # 2,8.4,1764.5,19.81,0.7,3.09,13.57,183,3
1816,BOGRA # 2,8.4,1764.7,12.51,0.04,2.76,24.15,183,3
1817,BOGRA # 2,8.4,1765.5,9.95,0.06,2.88,13.08,183,3
1818,BOGRA # 2,8.4,1766.5,9.9,0.05,2.75,46.17,183,3
1819,BOGRA # 2,8.4,1767.0,17.86,0.09,2.79,15.0,183,3
1820,BOGRA # 2,8.4,1767.1,7.72,0.02,2.72,76.73,183,3
1821,BOGRA # 2,8.4,1767.9,14.12,0.03,2.75,63.1,183,3
1822,BOGRA # 2,8.4,1769.6,18.15,0.38,2.78,16.5,183,3
1823,BOGRA # 2,8.4,1770.1,12.6,0.05,2.81,11.77,183,3
1824,BOGRA # 2,8.4,1771.3,14.65,0.03,2.76,33.17,183,3
1825,BOGRA # 2,8.4,1772.2,20.45,0.02,3.03,25.32,183,3
1826,BOGRA # 2,8.4,1772.6,10.07,0.025,2.77,50.53,183,3
1827,BOGRA # 2,3.7,1773.5,10.47,0.04,2.75,38.43,184,4
1828,BOGRA # 2,3.7,1774.7,13.17,0.09,2.76,26.26,184,4
1829,BOGRA # 2,3.7,1775.5,19.87,0.58,2.78,12.44,184,4
1830,BOGRA # 2,3.7,1776.5,12.71,0.07,2.77,16.42,184,4
1831,BOGRA # 2,3.7,1777.3,10.54,0.04,2.76,23.24,184,4
1832,BOGRA # 2,3.7,1777.2,14.99,0.07,2.73,22.43,184,4
1833,BOGRA # 2,9.7,1794.3,7.75,0.005,2.74,36.88,185,5
1834,BOGRA # 2,9.7,1796.0,8.9,0.01,2.74,27.48,185,5
1835,BOGRA # 2,9.7,1797.0,11.75,0.046,2.74,23.03,185,5
1836,BOGRA # 2,9.7,1797.5,15.64,0.06,2.77,13.36,185,5
1837,BOGRA # 2,9.7,1798.0,15.08,0.2,2.78,17.95,185,5
1838,BOGRA # 2,9.7,1800.2,14.46,0.11,2.75,14.44,185,5
1839,BOGRA # 2,9.7,1802.0,13.97,0.15,2.77,12.49,185,5
1840,BOGRA # 2,9.7,1802.5,10.9,0.2,2.75,20.51,185,5
1841,BOGRA # 2,9.7,1803.5,21.33,0.97,2.82,7.06,185,5
1842,BOGRA # 2,9.7,1804.0,21.14,0.91,2.81,6.72,185,5
1843,BOGRA # 2,8.5,1804.5,12.42,0.33,2.74,19.29,186,6
1844,BOGRA # 2,8.5,1805.4,8.41,0.52,2.74,34.94,186,6
1845,BOGRA # 2,8.5,1806.7,14.9,0.03,2.75,20.13,186,6
1846,BOGRA # 2,8.5,1807.5,12.62,0.06,2.74,21.12,186,6
1847,BOGRA # 2,8.5,1808.5,16.62,0.26,2.76,10.55,186,6
1848,BOGRA # 2,8.5,1809.0,13.39,0.04,2.75,14.36,186,6
1849,BOGRA # 2,8.5,1811.0,13.66,0.0,2.67,19.48,186,6
1850,BOGRA # 2,8.5,1811.5,17.06,0.01,2.78,11.86,186,6
1851,BOGRA # 2,8.5,1812.5,20.14,0.06,2.82,10.06,186,6
1852,BOGRA # 2,8.5,1813.0,14.8,0.005,2.87,16.13,186,6
1853,BOGRA # 2,6.3,1814.0,16.9,0.01,2.77,11.99,187,7
1854,BOGRA # 2,6.3,1815.0,16.04,0.04,2.76,15.53,187,7
1855,BOGRA # 2,6.3,1817.0,4.41,0.08,2.81,6.94,187,7
1856,BOGRA # 2,6.3,1818.0,17.14,0.13,2.77,11.09,187,7
1857,BOGRA # 2,6.3,1820.3,5.0,0.0,2.67,59.96,187,7
1858,BOGRA # 2,7.5,1850.5,12.16,0.42,2.75,8.72,188,8
1859,BOGRA # 2,7.5,1851.0,11.83,0.24,2.74,9.13,188,8
1860,BOGRA # 2,7.5,1853.0,4.58,0.0,2.7,77.32,188,8
1861,BOGRA # 2,7.5,1854.3,4.91,0.03,2.7,53.91,188,8
1862,BOGRA # 2,7.5,1855.5,5.1,0.24,2.7,48.95,188,8
1863,BOGRA # 2,7.5,1857.3,7.1,0.01,2.7,21.76,188,8
1864,BOGRA # 2,7.5,1858.0,6.63,0.03,2.7,26.63,188,8
1865,BOGRA # 2,7.3,1991.0,33.07,5233.3,2.98,3.17,189,9
1866,BOGRA # 2,7.3,1991.5,38.1,2726.5,2.97,3.2,189,9
1867,BOGRA # 2,7.3,1992.0,24.31,2751.5,2.64,3.04,189,9
1868,BOGRA # 2,7.3,1992.5,23.59,2813.2,2.64,3.6,189,9
1869,BOGRA # 2,7.3,1993.0,25.65,984.5,2.64,3.97,189,9
1870,BOGRA # 2,7.3,1993.2,38.43,5092.0,2.63,3.54,189,9
1871,BOGRA # 2,7.3,1994.3,36.43,2828.0,2.63,3.02,189,9
1872,BOGRA # 2,7.3,1995.2,23.12,610.8,2.64,3.03,189,9
1873,BOGRA # 2,7.3,1995.9,23.43,758.2,2.64,3.01,189,9
1874,BOGRA # 2,7.3,1997.0,24.42,675.4,2.63,2.83,189,9
1875,BOGRA # 2,7.3,1998.3,25.56,875.7,2.63,3.06,189,9
1876,SHAHBAZPUR # 1,7.9,997.0,0.0,0.0,0.0,0.0,190,1
1877,SHAHBAZPUR # 1,7.9,997.5,0.0,0.0,0.0,0.0,190,1
1878,SHAHBAZPUR # 1,7.9,998.0,0.0,0.0,0.0,0.0,190,1
1879,SHAHBAZPUR # 1,7.9,998.7,0.0,0.0,0.0,0.0,190,1
1880,SHAHBAZPUR # 1,7.9,1000.0,0.0,0.0,0.0,0.0,190,1
1881,SHAHBAZPUR # 1,7.9,1001.0,0.0,0.0,0.0,0.0,190,1
1882,SHAHBAZPUR # 1,7.9,1001.5,0.0,0.0,0.0,0.0,190,1
1883,SHAHBAZPUR # 1,7.9,1002.0,0.0,0.0,0.0,0.0,190,1
1884,SHAHBAZPUR # 1,7.9,1003.0,0.0,0.0,0.0,0.0,190,1
1885,SHAHBAZPUR # 1,7.9,1003.5,0.0,0.0,0.0,0.0,190,1
1886,SHAHBAZPUR # 1,7.9,1004.0,0.0,0.0,0.0,0.0,190,1
1887,SHAHBAZPUR # 1,7.9,1004.9,0.0,0.0,0.0,0.0,190,1
1888,SHAHBAZPUR # 1,9.0,1794.0,0.0,0.0,0.0,0.0,191,2
1889,SHAHBAZPUR # 1,9.0,1795.0,0.0,0.0,0.0,0.0,191,2
1890,SHAHBAZPUR # 1,9.0,1796.0,0.0,0.0,0.0,0.0,191,2
1891,SHAHBAZPUR # 1,9.0,1797.0,0.0,0.0,0.0,0.0,191,2
1892,SHAHBAZPUR # 1,9.0,1798.0,0.0,0.0,0.0,0.0,191,2
1893,SHAHBAZPUR # 1,9.0,1799.0,0.0,0.0,0.0,0.0,191,2
1894,SHAHBAZPUR # 1,9.0,1800.0,0.0,0.0,0.0,0.0,191,2
1895,SHAHBAZPUR # 1,9.0,1801.0,0.0,0.0,0.0,0.0,191,2
1896,SHAHBAZPUR # 1,9.0,1802.0,0.0,0.0,0.0,0.0,191,2
1897,SHAHBAZPUR # 1,9.0,1803.0,0.0,0.0,0.0,0.0,191,2
1898,SHAHBAZPUR # 1,7.05,2011.9,27.75,17.38,2.7,5.76,192,3
1899,SHAHBAZPUR # 1,7.05,2012.2,28.52,37.5,2.66,6.31,192,3
1900,SHAHBAZPUR # 1,7.05,2012.28,24.97,47.1,2.67,7.04,192,3
1901,SHAHBAZPUR # 1,7.05,2012.7,25.06,0.0,2.67,7.0,192,3
1902,SHAHBAZPUR # 1,7.05,2017.43,7.04,0.056,2.7,124.97,192,3
1903,SHAHBAZPUR # 1,7.05,2017.55,28.2,331.77,2.67,7.25,192,3
1904,SHAHBAZPUR # 1,7.05,2017.7,27.33,380.24,2.67,6.01,192,3
1905,SHAHBAZPUR # 1,7.05,2017.7,28.07,311.0,2.65,6.44,192,3
1906,SHAHBAZPUR # 1,7.05,2017.9,27.73,395.21,2.67,7.03,192,3
1907,SHAHBAZPUR # 1,7.05,2018.1,26.63,370.4,2.67,5.57,192,3
1908,SHAHBAZPUR # 1,7.05,2018.2,26.69,325.28,2.67,6.05,192,3
1909,SHAHBAZPUR # 1,7.05,2018.3,26.49,250.99,2.67,6.08,192,3
1910,SHAHBAZPUR # 1,7.05,2018.5,28.63,313.13,2.67,6.09,192,3
1911,SHAHBAZPUR # 1,7.05,2018.75,4.89,0.12,2.71,6.75,192,3
1912,SHAHBAZPUR # 1,7.05,2018.75,4.25,0.09,2.7,89.86,192,3
1913,SHAHBAZPUR # 1,7.05,2018.95,4.08,0.09,2.71,115.98,192,3
1914,SHAHBAZPUR # 1,9.0,2289.0,0.0,0.0,0.0,0.0,193,4
1915,SHAHBAZPUR # 1,9.0,2290.0,0.0,0.0,0.0,0.0,193,4
1916,SHAHBAZPUR # 1,9.0,2291.0,0.0,0.0,0.0,0.0,193,4
1917,SHAHBAZPUR # 1,9.0,2292.0,0.0,0.0,0.0,0.0,193,4
1918,SHAHBAZPUR # 1,9.0,2293.0,0.0,0.0,0.0,0.0,193,4
1919,SHAHBAZPUR # 1,9.0,2294.0,0.0,0.0,0.0,0.0,193,4
1920,SHAHBAZPUR # 1,9.0,2295.0,0.0,0.0,0.0,0.0,193,4
1921,SHAHBAZPUR # 1,9.0,2296.0,0.0,0.0,0.0,0.0,193,4
1922,SHAHBAZPUR # 1,9.0,2297.0,0.0,0.0,0.0,0.0,193,4
1923,SHAHBAZPUR # 1,9.0,2298.0,0.0,0.0,0.0,0.0,193,4
1924,SHAHBAZPUR # 1,9.0,3014.0,21.13,227.66,2.66,5.24,194,5
1925,SHAHBAZPUR # 1,9.0,3014.4,17.97,0.0,2.66,6.17,194,5
1926,SHAHBAZPUR # 1,9.0,3015.0,20.46,219.69,2.66,6.64,194,5
1927,SHAHBAZPUR # 1,9.0,3015.7,19.32,92.85,2.65,6.85,194,5
1928,SHAHBAZPUR # 1,9.0,3016.2,19.71,130.58,2.65,5.33,194,5
1929,SHAHBAZPUR # 1,9.0,3016.6,20.38,246.28,2.63,5.45,194,5
1930,SHAHBAZPUR # 1,9.0,3017.0,16.2,130.97,2.67,7.16,194,5
1931,SHAHBAZPUR # 1,9.0,3017.4,15.59,97.87,2.67,7.99,194,5
1932,SHAHBAZPUR # 1,9.0,3018.0,11.3,38.03,2.68,12.79,194,5
1933,SHAHBAZPUR # 1,9.0,3018.3,11.5,0.53,2.69,11.68,194,5
1934,SHAHBAZPUR # 1,9.0,3018.6,6.46,1.76,2.7,26.65,194,5
1935,SHAHBAZPUR # 1,9.0,3019.0,15.69,42.74,2.65,7.92,194,5
1936,SHAHBAZPUR # 1,9.0,3019.8,3.67,0.14,2.48,190.18,194,5
1937,SHAHBAZPUR # 1,9.0,3021.4,17.6,236.74,2.66,6.59,194,5
1938,SHAHBAZPUR # 1,9.0,3023.0,8.82,0.33,2.67,39.93,194,5
1939,SHAHBAZPUR # 1,8.0,3401.7,14.27,1.78,2.68,10.15,195,6
1940,SHAHBAZPUR # 1,8.0,3402.0,14.74,3.24,2.66,7.95,195,6
1941,SHAHBAZPUR # 1,8.0,3402.3,14.3,0.98,2.68,9.43,195,6
1942,SHAHBAZPUR # 1,8.0,3403.1,15.81,2.54,2.66,8.09,195,6
1943,SHAHBAZPUR # 1,8.0,3403.55,15.74,8.83,2.67,8.18,195,6
1944,SHAHBAZPUR # 1,8.0,3404.2,15.32,4.49,2.67,8.14,195,6
1945,SHAHBAZPUR # 1,8.0,3404.45,15.26,3.13,2.67,8.41,195,6
1946,SHAHBAZPUR # 1,8.0,3405.2,14.26,2.23,2.67,8.73,195,6
1947,SHAHBAZPUR # 1,8.0,3406.3,16.35,33.97,2.66,7.73,195,6
1948,SHAHBAZPUR # 1,8.0,3406.6,13.59,0.8,2.69,14.17,195,6
1949,SHAHBAZPUR # 1,8.0,3407.12,12.74,10.25,2.65,11.18,195,6
1950,SHAHBAZPUR # 1,8.0,3407.58,17.39,28.44,2.67,8.5,195,6
1951,SHAHBAZPUR # 1,8.0,3407.95,16.51,11.22,2.67,7.74,195,6
1952,SHAHBAZPUR # 1,8.0,3408.5,5.09,0.14,2.7,106.24,195,6
1953,SHAHBAZPUR # 1,8.0,3408.7,15.45,11.76,2.67,8.12,195,6
1954,SHAHBAZPUR # 1,8.0,3409.12,4.77,8.17,2.67,9.63,195,6
1955,SHAHBAZPUR # 1,8.0,3409.7,14.64,10.6,2.67,8.19,195,6
1956,SALDANADI # 1,3.0,2311.0,18.28,192.12,2.62,0.0,196,5
1957,SALDANADI # 1,3.0,2311.5,14.28,592.39,2.6,0.0,196,5
1958,SALDANADI # 1,3.0,2312.0,15.25,79.13,2.35,0.0,196,5
1959,SALDANADI # 1,3.0,2313.0,25.85,152.26,2.58,0.0,196,5
1960,SALDANADI # 1,3.0,2313.07,16.25,231.8,2.98,0.0,196,5
1961,SALDANADI # 1,3.0,2314.0,15.2,48.7,2.65,0.0,196,5
1962,SALDANADI # 1,0.6,2419.42,14.1,31.72,2.06,0.0,197,6
1963,SALDANADI # 1,1.6,2420.0,13.72,211.08,2.67,0.0,198,7
1987,BEANIBAZAR # 2,0.0,3283.450168,0.0,0.0,0.0,0.0,203,2
1988,BEANIBAZAR # 2,0.0,3283.754953,0.0,0.0,0.0,0.0,203,2
1989,BEANIBAZAR # 2,0.0,3284.059738,0.0,0.0,0.0,0.0,203,2
1990,BEANIBAZAR # 2,0.0,3284.364523,0.0,0.0,0.0,0.0,203,2
1991,BEANIBAZAR # 2,0.0,3284.669308,0.0,0.0,0.0,0.0,203,2
1992,BEANIBAZAR # 2,0.0,3284.974093,0.0,0.0,0.0,0.0,203,2
1993,BEANIBAZAR # 2,0.0,3285.278878,0.0,0.0,0.0,0.0,203,2
1994,BEANIBAZAR # 2,0.0,3285.583664,0.0,0.0,0.0,0.0,203,2
1995,BEANIBAZAR # 2,0.0,3285.888449,0.0,0.0,0.0,0.0,203,2
1996,BEANIBAZAR # 2,0.0,3286.193234,0.0,0.0,0.0,0.0,203,2
1997,BEANIBAZAR # 2,0.0,3286.498019,0.0,0.0,0.0,0.0,203,2
1998,BEANIBAZAR # 2,0.0,3286.802804,0.0,0.0,0.0,0.0,203,2
1999,BEANIBAZAR # 2,0.0,3287.107589,0.0,0.0,0.0,0.0,203,2
2000,BEANIBAZAR # 2,0.0,3287.412374,0.0,0.0,0.0,0.0,203,2
2001,BEANIBAZAR # 2,0.0,3287.717159,14.3,0.53,2.72,0.0,203,2
2002,BEANIBAZAR # 2,0.0,3288.021945,14.2,0.59,2.72,0.0,203,2
2003,BEANIBAZAR # 2,0.0,3288.32673,18.4,28.0,2.69,0.0,203,2
2004,BEANIBAZAR # 2,0.0,3288.631515,19.3,218.0,2.67,0.0,203,2
2005,BEANIBAZAR # 2,0.0,3288.9363,18.0,33.0,2.68,0.0,203,2
2006,BEANIBAZAR # 2,0.0,3289.241085,18.7,92.0,2.67,0.0,203,2
2007,BEANIBAZAR # 2,0.0,3289.54587,18.1,63.0,2.67,0.0,203,2
2008,BEANIBAZAR # 2,0.0,3289.850655,2.6,0.28,2.69,0.0,203,2
2009,BEANIBAZAR # 2,0.0,3290.15544,17.8,38.0,2.68,0.0,203,2
2010,BEANIBAZAR # 2,0.0,3290.460226,19.2,80.0,2.67,0.0,203,2
2011,BEANIBAZAR # 2,0.0,3290.765011,16.9,45.0,2.68,0.0,203,2
2012,BEANIBAZAR # 2,0.0,3291.069796,18.4,86.0,2.66,0.0,203,2
2013,BEANIBAZAR # 2,0.0,3291.374581,19.7,129.0,2.67,0.0,203,2
2014,BEANIBAZAR # 2,0.0,3291.679366,18.0,42.0,2.68,0.0,203,2
2015,BEANIBAZAR # 2,0.0,3291.984151,18.8,189.0,2.66,0.0,203,2
2016,BEANIBAZAR # 2,0.0,3292.288936,19.9,158.0,2.66,0.0,203,2
2017,BEANIBAZAR # 2,0.0,3292.563243,20.4,200.0,2.66,0.0,203,2
2018,BEANIBAZAR # 2,0.0,3511.734227,0.0,0.0,0.0,0.0,204,3
2019,BEANIBAZAR # 2,0.0,3512.069491,0.0,0.0,0.0,0.0,204,3
2020,BEANIBAZAR # 2,0.0,3512.313319,20.4,155.0,2.68,0.0,204,3
2021,BEANIBAZAR # 2,0.0,3512.648583,22.4,379.0,2.67,0.0,204,3
2022,BEANIBAZAR # 2,0.0,3512.983846,22.7,783.0,2.67,0.0,204,3
2023,BEANIBAZAR # 2,0.0,3513.288632,18.0,13.0,2.69,0.0,204,3
2024,BEANIBAZAR # 2,0.0,3513.562938,19.2,69.0,2.68,0.0,204,3
2025,BEANIBAZAR # 2,0.0,3514.172508,4.2,0.09,2.7,0.0,204,3
2026,BEANIBAZAR # 2,0.0,3514.7516,19.1,126.0,2.67,0.0,204,3
2027,BEANIBAZAR # 2,0.0,3515.086864,0.0,0.0,0.0,0.0,204,3
2028,BEANIBAZAR # 2,0.0,3515.391649,20.7,255.0,2.68,0.0,204,3
2029,BEANIBAZAR # 2,0.0,3515.696434,21.6,330.0,2.68,0.0,204,3
2030,BEANIBAZAR # 2,0.0,3516.001219,0.0,0.0,0.0,0.0,204,3
2031,BEANIBAZAR # 2,0.0,3516.306004,14.0,4.06,2.7,0.0,204,3
2032,BEANIBAZAR # 2,0.0,3516.610789,0.0,0.0,0.0,0.0,204,3
2033,BEANIBAZAR # 2,0.0,3516.915575,0.0,0.0,0.0,0.0,204,3
2034,BEANIBAZAR # 2,0.0,3517.22036,0.0,0.0,0.0,0.0,204,3
2035,BEANIBAZAR # 2,0.0,3517.525145,0.0,0.0,0.0,0.0,204,3
2036,BEANIBAZAR # 2,0.0,3517.82993,0.0,0.0,0.0,0.0,204,3
2037,BEANIBAZAR # 2,0.0,3518.134715,0.0,0.0,0.0,0.0,204,3
2038,BEANIBAZAR # 2,0.0,3518.4395,0.0,0.0,0.0,0.0,204,3
2039,BEANIBAZAR # 2,0.0,3518.744285,10.4,0.36,2.7,0.0,204,3
2040,BEANIBAZAR # 2,0.0,3519.04907,0.0,0.0,0.0,0.0,204,3
2041,BEANIBAZAR # 2,0.0,3519.414813,12.4,1.36,2.7,0.0,204,3
2042,BEANIBAZAR # 2,0.0,3519.658641,10.2,0.33,2.7,0.0,204,3
2043,BEANIBAZAR # 2,0.0,3519.963426,0.0,0.0,0.0,0.0,204,3
2044,BEANIBAZAR # 2,0.0,3520.268211,0.0,0.0,0.0,0.0,204,3
2045,FENCHUGANJ # 2,3.0,2462.0,23.25,0.0,2.67,0.0,205,5
2046,FENCHUGANJ # 2,3.0,2463.0,5.7,0.38,2.71,33.97,205,5
2047,FENCHUGANJ # 2,3.0,2463.0,6.8,0.57,2.69,30.09,205,5
2048,FENCHUGANJ # 2,3.0,2463.5,4.0,0.055,2.69,80.54,205,5
2049,FENCHUGANJ # 2,3.0,2464.0,22.3,116.4,2.69,8.66,205,5
2050,FENCHUGANJ # 2,3.0,2464.0,22.43,127.9,2.67,7.79,205,5
2051,FENCHUGANJ # 2,3.0,2465.0,23.72,147.6,2.67,8.55,205,5
2052,FENCHUGANJ # 2,13.8,2769.7,25.32,374.21,2.68,7.33,206,6
2053,FENCHUGANJ # 2,13.8,2772.7,26.66,274.26,2.69,9.2,206,6
2054,FENCHUGANJ # 2,13.8,2773.5,23.16,184.28,2.69,9.7,206,6
2055,FENCHUGANJ # 2,13.8,2774.2,20.49,379.06,2.67,9.62,206,6
2056,FENCHUGANJ # 2,13.8,2774.2,20.55,218.75,2.67,10.97,206,6
2057,FENCHUGANJ # 2,13.8,2774.8,19.33,265.8,2.67,12.24,206,6
2058,FENCHUGANJ # 2,13.8,2775.6,20.02,292.16,2.66,12.58,206,6
2059,FENCHUGANJ # 2,13.8,2775.6,20.51,242.07,2.67,11.74,206,6
2060,FENCHUGANJ # 2,13.8,2776.1,21.45,598.89,2.66,10.7,206,6
2061,FENCHUGANJ # 2,13.8,2776.1,21.95,517.45,2.66,10.29,206,6
2062,FENCHUGANJ # 2,13.8,2776.7,21.34,399.82,2.67,10.96,206,6
2063,FENCHUGANJ # 2,13.8,2777.0,20.58,297.2,2.67,9.1,206,6
2064,FENCHUGANJ # 2,13.8,2777.6,19.34,289.63,2.67,10.33,206,6
2065,FENCHUGANJ # 2,13.8,2777.6,20.06,189.22,2.67,12.83,206,6
2066,FENCHUGANJ # 2,13.8,2778.2,19.66,354.74,2.67,8.39,206,6
2067,FENCHUGANJ # 2,13.8,2778.5,21.38,459.64,2.66,8.64,206,6
2068,FENCHUGANJ # 2,13.8,2778.8,21.37,549.5,2.67,8.32,206,6
2069,FENCHUGANJ # 2,13.8,2778.8,21.47,295.54,2.67,6.65,206,6
2070,FENCHUGANJ # 2,13.8,2779.3,22.04,629.02,2.68,7.02,206,6
2071,FENCHUGANJ # 2,13.8,2779.3,22.55,766.76,2.67,0.0,206,6
2072,FENCHUGANJ # 2,13.8,2780.5,21.08,383.68,2.67,8.72,206,6
2073,FENCHUGANJ # 2,13.8,2780.5,21.08,347.7,2.67,7.68,206,6
2074,FENCHUGANJ # 2,13.8,2780.8,21.35,112.11,2.68,7.17,206,6
2075,FENCHUGANJ # 2,13.8,2781.2,20.56,248.2,2.67,0.0,206,6
2076,FENCHUGANJ # 2,13.8,2781.2,21.08,9.56,2.69,10.69,206,6
2077,FENCHUGANJ # 2,13.8,2781.8,18.17,147.41,2.66,0.0,206,6
2078,FENCHUGANJ # 2,13.8,2781.8,16.71,11.4,2.7,11.56,206,6
2079,FENCHUGANJ # 2,13.8,2782.2,17.79,22.13,2.68,11.5,206,6
2080,FENCHUGANJ # 2,13.8,2782.2,16.27,18.58,2.68,0.0,206,6
2081,FENCHUGANJ # 2,13.8,2782.4,20.62,23.34,2.69,10.43,206,6
2082,FENCHUGANJ # 2,13.8,2782.8,19.96,43.54,2.69,11.27,206,6
2083,FENCHUGANJ # 2,13.8,2782.8,22.63,51.24,2.67,0.0,206,6
2084,FENCHUGANJ # 2,13.8,2783.5,22.39,30.07,2.69,11.2,206,6
2085,FENCHUGANJ # 2,13.8,2783.6,17.64,19.09,2.69,12.09,206,6
2086,FENCHUGANJ # 2,10.47,3260.1,9.9,0.55,2.7,12.09,207,8
2087,FENCHUGANJ # 2,10.47,3260.3,11.7,1.76,2.7,27.07,207,8
2088,FENCHUGANJ # 2,10.47,3261.7,11.56,1.94,2.7,24.77,207,8
2089,FENCHUGANJ # 2,10.47,3262.8,9.48,0.72,2.69,30.9,207,8
2090,FENCHUGANJ # 2,10.47,3263.4,10.76,1.22,2.71,24.53,207,8
2091,FENCHUGANJ # 2,10.47,3263.7,12.15,3.06,2.7,19.34,207,8
2092,FENCHUGANJ # 2,10.47,3264.5,9.12,0.58,2.71,22.61,207,8
2093,FENCHUGANJ # 2,10.47,3264.9,8.44,0.17,2.7,31.47,207,8
2094,FENCHUGANJ # 2,10.47,3265.7,3.42,2.3,2.71,32.35,207,8
2095,FENCHUGANJ # 2,10.47,3266.2,6.69,0.37,2.71,31.58,207,8
2096,FENCHUGANJ # 2,10.47,3266.8,6.52,0.2,2.69,29.14,207,8
2097,FENCHUGANJ # 2,10.47,3267.0,11.69,1.3,2.7,20.23,207,8
2098,FENCHUGANJ # 2,3.48,3425.0,14.55,10.79,2.69,20.67,208,9
2099,FENCHUGANJ # 2,3.48,3425.6,9.12,0.12,2.71,28.19,208,9
2100,FENCHUGANJ # 2,3.48,3427.8,13.82,1.76,2.69,20.4,208,9
2101,FENCHUGANJ # 2,3.48,3429.5,14.87,12.14,2.69,21.81,208,9
2102,FENCHUGANJ # 2,3.48,3430.0,10.68,0.3,2.69,27.69,208,9
2103,FENCHUGANJ # 2,3.48,3430.2,1.75,0.01,2.71,122.36,208,9
2104,FENCHUGANJ # 2,3.48,3432.0,10.74,0.04,2.7,86.47,208,9
2105,FENCHUGANJ # 2,9.0,3615.4,15.04,51.17,2.68,20.67,209,10
2106,FENCHUGANJ # 2,9.0,3615.7,15.64,76.0,2.68,18.22,209,10
2107,FENCHUGANJ # 2,9.0,3615.7,14.89,32.3,2.67,21.11,209,10
2108,FENCHUGANJ # 2,9.0,3615.9,13.31,0.001,2.69,26.18,209,10
2109,FENCHUGANJ # 2,9.0,3615.9,13.76,25.6,2.68,22.72,209,10
2110,FENCHUGANJ # 2,9.0,3616.0,13.46,26.9,2.68,34.08,209,10
2111,FENCHUGANJ # 2,9.0,3616.0,17.07,17.5,2.74,20.96,209,10
2112,FENCHUGANJ # 2,9.0,3616.5,12.7,7.65,2.69,25.11,209,10
2113,FENCHUGANJ # 2,9.0,3616.8,14.64,33.75,2.68,19.95,209,10
2114,FENCHUGANJ # 2,9.0,3617.0,14.68,33.54,2.68,15.68,209,10
2115,FENCHUGANJ # 2,9.0,3617.2,6.77,0.37,2.7,52.46,209,10
2116,FENCHUGANJ # 2,9.0,3618.9,16.0,84.3,2.67,18.04,209,10
2117,FENCHUGANJ # 2,9.0,3619.2,13.4,4.57,2.69,19.58,209,10
2118,FENCHUGANJ # 2,9.0,3619.2,12.58,1.0,2.67,23.61,209,10
2119,FENCHUGANJ # 2,9.0,3620.0,11.85,0.52,2.69,25.42,209,10
2120,FENCHUGANJ # 2,9.0,3620.0,11.22,0.38,2.7,23.56,209,10
2121,FENCHUGANJ # 2,9.0,3620.5,12.95,3.5,2.69,20.1,209,10
2122,FENCHUGANJ # 2,9.0,3620.8,2.21,0.03,2.72,144.89,209,10
2123,FENCHUGANJ # 2,4.0,4090.0,3.72,0.1,2.68,83.34,210,12
2124,FENCHUGANJ # 2,9.5,4248.7,11.8,0.38,2.7,28.1,211,13
2125,FENCHUGANJ # 2,9.5,4248.7,12.34,0.65,2.7,31.84,211,13
2126,FENCHUGANJ # 2,9.5,4250.0,12.36,0.77,2.7,22.55,211,13
2127,FENCHUGANJ # 2,9.5,4250.0,11.76,0.4,2.69,27.12,211,13
2128,FENCHUGANJ # 2,9.5,4251.0,12.08,0.85,2.69,20.06,211,13
2129,FENCHUGANJ # 2,9.5,4251.0,11.79,0.71,2.69,24.3,211,13
2130,FENCHUGANJ # 2,9.5,4252.0,12.08,0.84,2.69,30.22,211,13
2131,FENCHUGANJ # 2,9.5,4252.0,12.28,0.82,2.69,24.14,211,13
2132,FENCHUGANJ # 2,9.5,4253.0,12.75,1.25,2.69,24.55,211,13
2133,FENCHUGANJ # 2,9.5,4253.0,12.9,1.14,2.69,24.47,211,13
2134,FENCHUGANJ # 2,9.5,4253.8,13.02,0.88,2.69,20.86,211,13
2135,FENCHUGANJ # 2,9.5,4253.8,4.96,0.05,2.69,71.9,211,13
2136,FENCHUGANJ # 2,9.5,4254.1,2.96,0.05,2.7,72.09,211,13
2137,FENCHUGANJ # 2,9.5,4254.1,2.45,0.04,2.7,145.92,211,13
2138,FENCHUGANJ # 2,9.5,4254.7,3.58,0.04,2.7,85.12,211,13
2139,FENCHUGANJ # 2,9.5,4254.7,3.6,0.05,2.7,66.22,211,13
2140,FENCHUGANJ # 2,9.5,4255.2,13.4,0.68,2.7,20.42,211,13
2141,FENCHUGANJ # 2,9.5,4255.8,13.8,0.62,2.7,17.74,211,13
2142,FENCHUGANJ # 2,9.5,4255.8,13.24,0.6,2.69,20.21,211,13
2143,FENCHUGANJ # 2,9.5,4257.0,13.76,0.66,2.69,23.53,211,13
2144,FENCHUGANJ # 2,9.5,4257.0,12.96,0.75,2.69,24.47,211,13
2145,FENCHUGANJ # 2,8.55,4541.5,10.79,1.3,2.69,22.88,212,14
2146,FENCHUGANJ # 2,8.55,4541.8,7.38,0.16,2.7,49.41,212,14
2147,FENCHUGANJ # 2,8.92,4721.3,8.67,0.11,2.69,37.29,213,15
2148,FENCHUGANJ # 2,8.92,4721.8,8.64,0.12,2.69,35.86,213,15
2149,FENCHUGANJ # 2,8.92,4722.2,2.5,0.06,2.69,97.96,213,15
2150,FENCHUGANJ # 2,8.92,4723.5,9.66,1.26,2.68,37.95,213,15
2151,FENCHUGANJ # 2,8.92,4724.5,7.61,0.39,2.69,41.0,213,15
2152,FENCHUGANJ # 2,8.92,4726.5,2.27,0.05,2.74,89.07,213,15
2153,FENCHUGANJ # 2,8.92,4728.5,1.53,0.05,2.69,162.68,213,15
2154,FENCHUGANJ # 2,3.0,4936.0,4.9,0.06,2.69,46.08,214,16
2156,KAILASHTILA # 1,0.0,2480.0,19.37,8.1,2.69,4.65,216,5
2157,KAILASHTILA # 1,0.0,3083.0,3.62,0.01,2.71,0.0,217,7
2158,KAILASHTILA # 1,0.0,3083.0,4.35,0.03,2.71,33.74,217,7
2159,KAILASHTILA # 1,0.0,3083.0,3.8,0.0,2.7,0.0,217,7
2160,KAILASHTILA # 4,0.0,3115.0,15.81,1.88,2.669,0.0,218,1
2161,KAILASHTILA # 4,0.0,3261.0,18.8,107.77,2.61,0.0,219,2
2162,KAILASHTILA # 5,9.0,2397.0,21.05,8.85,2.61,6.322,220,1
2163,KAILASHTILA # 5,9.0,2398.7,13.07,6.87,2.62,8.009,220,1
2164,KAILASHTILA # 5,9.0,2399.7,12.18,9.93,2.63,6.019,220,1
2165,KAILASHTILA # 5,9.0,2400.0,13.11,11.01,2.6,4.898,220,1
2166,KAILASHTILA # 5,9.0,2401.2,17.17,65.84,2.59,10.206,220,1
2167,KAILASHTILA # 5,9.0,2402.2,23.1,13.22,2.59,4.296,220,1
2168,KAILASHTILA # 5,9.0,2403.7,8.21,16.51,2.67,3.673,220,1
2169,KAILASHTILA # 5,9.0,2404.2,12.98,19.81,2.63,4.22,220,1
2170,KAILASHTILA # 5,9.0,2405.0,17.91,0.0,2.62,7.94,220,1
2171,KAILASHTILA # 5,9.0,2405.0,15.15,183.67,2.61,9.502,220,1
2172,PATHARIA # 5,6.8,1450.6,4.29,0.023,2.58,0.0,221,2
2173,PATHARIA # 5,6.8,1450.6,4.45,0.022,2.56,0.0,221,2
2174,PATHARIA # 5,6.8,1450.7,4.85,0.021,2.64,0.0,221,2
2175,PATHARIA # 5,6.8,1450.7,2.56,0.022,2.62,0.0,221,2
2176,PATHARIA # 5,6.8,1450.8,4.95,0.017,2.55,0.0,221,2
2177,PATHARIA # 5,6.8,1450.8,2.17,0.018,2.62,0.0,221,2
2178,PATHARIA # 5,6.8,1450.9,2.55,0.019,2.61,0.0,221,2
2179,PATHARIA # 5,6.8,1450.9,1.75,0.022,2.62,0.0,221,2
2180,PATHARIA # 5,8.0,1835.0,8.85,0.049,2.44,57.63,222,3
2181,PATHARIA # 5,8.0,1835.3,6.22,0.029,2.52,60.27,222,3
2182,PATHARIA # 5,8.0,1835.6,10.06,0.122,2.41,58.92,222,3
2183,PATHARIA # 5,8.0,1835.65,6.9,0.058,2.5,63.24,222,3
2184,PATHARIA # 5,8.0,1835.85,0.0,0.169,2.36,56.33,222,3
2185,PATHARIA # 5,8.0,1835.85,12.84,0.386,2.33,45.41,222,3
2186,PATHARIA # 5,8.0,1835.9,10.89,0.0,2.38,56.18,222,3
2187,PATHARIA # 5,8.0,1836.2,10.84,0.428,2.39,48.43,222,3
2188,PATHARIA # 5,8.0,1836.2,13.58,0.306,2.31,54.39,222,3
2189,PATHARIA # 5,8.0,1836.65,11.34,0.413,2.37,46.46,222,3
2190,PATHARIA # 5,8.0,1836.75,11.25,1.54,2.37,38.83,222,3
2191,PATHARIA # 5,8.0,1836.9,10.24,0.5,2.31,45.41,222,3
2192,PATHARIA # 5,8.0,1836.95,15.69,2.47,2.25,34.41,222,3
2193,PATHARIA # 5,7.75,2299.75,0.0,446.78,2.09,0.0,223,4
2194,PATHARIA # 5,7.75,2299.85,21.08,461.21,2.11,0.0,223,4
2195,PATHARIA # 5,7.75,2299.95,20.74,442.91,2.11,0.0,223,4
2196,PATHARIA # 5,7.75,2300.1,19.35,183.2,2.15,0.0,223,4
2197,PATHARIA # 5,7.75,2300.2,20.67,190.68,2.13,0.0,223,4
2198,PATHARIA # 5,7.75,2300.4,19.85,24.26,2.15,0.0,223,4
2199,PATHARIA # 5,7.75,2300.9,2.766,0.013,2.66,0.0,223,4
2200,PATHARIA # 5,7.75,2300.9,2.773,0.043,2.66,0.0,223,4
2201,RASHIDPUR # 8,9.0,1449.6,1.308,0.005,2.619,92.184,246,1
2202,RASHIDPUR # 8,9.0,1449.65,1.80114,0.009328,2.626453,77.036,246,1
2203,RASHIDPUR # 8,9.0,1449.7,2.170366,0.017742,2.559924,30.928,246,1
2204,RASHIDPUR # 8,9.0,1449.8,2.481939,0.012533,2.550837,97.485,246,1
2205,RASHIDPUR # 8,9.0,1451.5,3.469,0.016,2.581,91.637,246,1
2206,RASHIDPUR # 8,9.0,1451.55,4.427736,0.019424,2.604011,60.037,246,1
2207,RASHIDPUR # 8,9.0,2777.35,10.3384,6.41289,2.385601,11.156,247,2
2210,RASHIDPUR # 8,9.0,2786.14,0.230408,0.008034,2.53732,66.745,247,2
2211,RASHIDPUR # 8,9.0,2896.3,0.0,0.0,0.0,20.214,248,3
2212,RASHIDPUR # 8,9.0,2896.35,0.0,0.0,0.0,24.812,248,3
2213,RASHIDPUR # 8,9.0,2896.5,5.894526,1.976344,2.50473,31.482,248,3
2214,RASHIDPUR # 8,9.0,2897.88,1.899298,0.011287,2.589417,149.327,248,3
2215,RASHIDPUR # 8,9.0,2898.1,10.79569,15.80727,2.479067,22.676,248,3
2216,RASHIDPUR # 8,9.0,2898.2,10.01416,12.49891,2.480745,26.481,248,3
2217,RASHIDPUR # 8,9.0,2898.5,0.0,0.0,0.0,25.174,248,3
2218,RASHIDPUR # 8,9.0,2899.45,9.681442,3.472377,2.491761,48.512,248,3
2219,RASHIDPUR # 8,9.0,2899.5,13.22802,36.96699,2.435756,19.719,248,3
2220,RASHIDPUR # 8,9.0,2900.0,9.763364,7.170506,2.5228,23.426,248,3
2221,RASHIDPUR # 8,9.0,2900.84,9.238428,6.210545,2.531734,23.855,248,3
2222,SYLHET # 8,0.0,2073.05,17.0,32.0,2.65,0.0,249,1
2223,SYLHET # 8,0.0,2073.05,0.0,35.0,0.0,0.0,249,1
2224,SYLHET # 8,0.0,2075.03,1.1,0.05,2.7,0.0,249,1
2225,SYLHET # 8,0.0,2075.03,16.7,0.04,0.0,0.0,249,1
2226,SYLHET # 8,0.0,2078.05,16.5,34.0,2.63,0.0,249,1
2227,SYLHET # 8,0.0,2083.13,16.5,46.0,2.66,0.0,249,1
2228,SYLHET # 8,0.0,2083.13,14.6,46.0,2.66,0.0,249,1
2229,SYLHET # 8,0.0,2086.13,14.6,9.1,2.65,0.0,249,1
2230,SYLHET # 8,0.0,2086.13,14.5,9.2,2.65,0.0,249,1
2231,SYLHET # 8,0.0,2089.04,14.5,5.8,2.63,0.0,249,1
2232,SYLHET # 8,0.0,2089.04,14.5,6.9,2.65,0.0,249,1
2233,SYLHET # 8,0.0,2089.15,14.3,6.1,2.65,0.0,249,1
2234,SYLHET # 8,0.0,2089.15,14.4,0.04,2.65,0.0,249,1
2235,SYLHET # 8,0.0,2089.97,14.4,3.6,2.66,0.0,249,1
2236,SYLHET # 8,0.0,2089.97,10.0,9.7,0.0,0.0,249,1
2237,SYLHET # 8,0.0,2090.1,0.0,0.75,2.67,0.0,249,1
2238,SYLHET # 8,0.0,2090.1,0.0,0.89,0.0,0.0,249,1
2239,BHOLA NORTH # 1,9.0,3238.35,0.0,0.0,0.0,18.88696,250,1
2240,BHOLA NORTH # 1,9.0,3238.42,18.45,41.88,2.44,6.945868,250,1
2241,BHOLA NORTH # 1,9.0,3238.51,0.0,0.0,0.0,22.31386,250,1
2242,BHOLA NORTH # 1,9.0,3238.56,0.0,0.0,0.0,8.239609,250,1
2243,BHOLA NORTH # 1,9.0,3238.6,0.0,0.0,0.0,32.00549,250,1
2244,BHOLA NORTH # 1,9.0,3238.77,0.0,0.0,0.0,10.10027,250,1
2245,BHOLA NORTH # 1,9.0,3238.87,18.04,31.82,2.71,5.047597,250,1
2246,BHOLA NORTH # 1,9.0,3239.06,0.0,0.0,0.0,15.82992,250,1
2247,BHOLA NORTH # 1,9.0,3239.11,0.0,0.0,0.0,3.520812,250,1
2248,BHOLA NORTH # 1,9.0,3239.16,0.0,0.0,0.0,6.016922,250,1
2249,BHOLA NORTH # 1,9.0,3239.21,17.95,42.25,2.46,4.926229,250,1
2250,BHOLA NORTH # 1,9.0,3239.25,14.49,25.45,2.71,3.73309,250,1
2251,BHOLA NORTH # 1,9.0,3241.35,11.54,42.85,2.21,4.464756,250,1
2252,BHOLA NORTH # 1,9.0,3241.45,0.0,0.0,0.0,6.051302,250,1
2253,BHOLA NORTH # 1,9.0,3241.51,18.72,54.2,2.49,7.726681,250,1
2254,BHOLA NORTH # 1,9.0,3241.64,0.0,0.0,0.0,23.31825,250,1
2255,BHOLA NORTH # 1,9.0,3241.8,0.0,0.0,0.0,5.239108,250,1
2256,BHOLA NORTH # 1,9.0,3242.03,18.59,0.0,0.0,6.292191,250,1
2257,BHOLA NORTH # 1,9.0,3242.11,0.0,0.0,0.0,7.404111,250,1
2258,BHOLA NORTH # 1,9.0,3242.21,0.0,0.0,0.0,6.476549,250,1
2259,BHOLA NORTH # 1,9.0,3242.27,18.3,0.0,0.0,5.127432,250,1
2260,BHOLA NORTH # 1,9.0,3244.62,16.75,40.31,2.52,11.36148,250,1
2261,BHOLA NORTH # 1,9.0,3244.68,0.0,0.0,0.0,12.67183,250,1
2262,BHOLA NORTH # 1,9.0,3245.24,18.82,129.22,2.49,9.836768,250,1
2263,BHOLA NORTH # 1,9.0,3242.4,17.72,73.98,2.42,9.947753,250,1
2264,BHOLA NORTH # 1,9.0,3242.59,0.0,0.0,0.0,4.404764,250,1
2265,BHOLA NORTH # 1,9.0,3242.47,0.0,0.0,0.0,20.16085,250,1
2266,BHOLA NORTH # 1,9.0,3242.74,0.0,0.0,0.0,5.734039,250,1
2267,BHOLA NORTH # 1,9.0,3242.88,17.96,194.78,2.45,5.767034,250,1
2268,BHOLA NORTH # 1,9.0,3242.95,0.0,0.0,0.0,6.269809,250,1
2269,BHOLA NORTH # 1,9.0,3243.09,17.74,0.0,0.0,4.897156,250,1
2270,BHOLA NORTH # 1,9.0,3243.18,0.0,0.0,0.0,7.039086,250,1
2271,BHOLA NORTH # 1,9.0,3243.35,17.9,80.31,2.47,14.15985,250,1
2272,BHOLA NORTH # 1,9.0,3243.47,18.74,115.47,2.46,0.0,250,1
2273,BHOLA NORTH # 1,9.0,3243.53,0.0,0.0,0.0,9.976595,250,1
2274,BHOLA NORTH # 1,9.0,3243.65,0.0,0.0,0.0,4.088886,250,1
2275,BHOLA NORTH # 1,9.0,3243.75,0.0,0.0,0.0,45.31439,250,1
2276,BHOLA NORTH # 1,9.0,3243.84,0.0,0.0,0.0,11.66351,250,1
2277,BHOLA NORTH # 1,9.0,3243.9,0.0,0.0,0.0,18.75497,250,1
2278,BHOLA NORTH # 1,9.0,3244.02,0.0,0.0,0.0,4.497982,250,1
2279,BHOLA NORTH # 1,9.0,3244.12,16.53,102.3,2.48,5.220649,250,1
2280,BHOLA NORTH # 1,9.0,3245.56,12.68,63.21,2.42,7.936471,250,1
2281,BHOLA NORTH # 1,9.0,3245.62,0.0,0.0,0.0,10.97828,250,1
2282,BHOLA NORTH # 1,9.0,3245.71,18.73,201.06,2.42,4.955994,250,1
2283,BHOLA NORTH # 1,9.0,3246.1,17.8,124.67,2.48,6.445861,250,1
2284,BHOLA NORTH # 1,9.0,3246.23,18.44,122.19,2.48,3.958289,250,1
2285,BHOLA NORTH # 1,9.0,3239.36,18.78,47.74,2.46,3.603098,250,1
2286,BHOLA NORTH # 1,9.0,3239.47,0.0,0.0,0.0,3.858603,250,1
2287,BHOLA NORTH # 1,9.0,3239.54,0.0,0.0,0.0,3.848785,250,1
2288,BHOLA NORTH # 1,9.0,3239.62,0.0,0.0,0.0,2.869007,250,1
2289,BHOLA NORTH # 1,9.0,3239.7,18.16,24.44,2.47,25.56102,250,1
2290,BHOLA NORTH # 1,9.0,3239.8,0.0,0.0,0.0,3.599445,250,1
2291,BHOLA NORTH # 1,9.0,3239.86,0.0,0.0,0.0,4.186033,250,1
2292,BHOLA NORTH # 1,9.0,3240.0,0.0,0.0,0.0,6.374835,250,1
2293,BHOLA NORTH # 1,9.0,3240.16,0.0,0.0,0.0,6.782867,250,1
2294,BHOLA NORTH # 1,9.0,3240.25,16.2,143.92,2.68,3.359923,250,1
2295,BHOLA NORTH # 1,9.0,3240.34,17.94,118.33,2.44,5.473147,250,1
2296,BHOLA NORTH # 1,9.0,3240.38,19.21,37.06,2.59,0.0,250,1
2297,BHOLA NORTH # 1,9.0,3240.49,0.0,0.0,0.0,5.341171,250,1
2298,BHOLA NORTH # 1,9.0,3240.6,0.0,0.0,0.0,4.831759,250,1
2299,BHOLA NORTH # 1,9.0,3240.72,0.0,0.0,0.0,6.367985,250,1
2300,BHOLA NORTH # 1,9.0,3240.84,0.0,0.0,0.0,5.987582,250,1
2301,BHOLA NORTH # 1,9.0,3240.99,0.0,0.0,0.0,8.155834,250,1
2302,BHOLA NORTH # 1,9.0,3241.08,0.0,0.0,0.0,7.011428,250,1
2303,BHOLA NORTH # 1,9.0,3241.19,19.45,72.77,2.49,12.8216,250,1
2304,BHOLA NORTH # 1,9.0,3241.28,19.66,0.0,0.0,5.668829,250,1
